{
	"info": {
		"_postman_id": "0d8cb398-61f5-435e-97a7-d3cbfefa8dc8",
		"name": "Proyecto IN6AV",
		"schema": "https://schema.getpostman.com/json/collection/v2.1.0/collection.json"
	},
	"item": [
		{
			"name": "Login admin",
			"request": {
				"method": "POST",
				"header": [],
				"body": {
					"mode": "urlencoded",
					"urlencoded": [
						{
							"key": "username",
							"value": "ADMIN",
							"type": "text"
						},
						{
							"key": "password",
							"value": "123456",
							"type": "text"
						},
						{
							"key": "getToken",
							"value": "true",
							"type": "text"
						}
					]
				},
				"url": {
					"raw": "localhost:3000/api/login",
					"host": [
						"localhost"
					],
					"port": "3000",
					"path": [
						"api",
						"login"
					]
				}
			},
			"response": []
		},
		{
			"name": "Login cliente",
			"request": {
				"method": "POST",
				"header": [],
				"body": {
					"mode": "urlencoded",
					"urlencoded": [
						{
							"key": "username",
							"value": "abners",
							"type": "text"
						},
						{
							"key": "password",
							"value": "123456",
							"type": "text"
						},
						{
							"key": "getToken",
							"value": "true",
							"type": "text"
						}
					]
				},
				"url": {
					"raw": "localhost:3000/api/login",
					"host": [
						"localhost"
					],
					"port": "3000",
					"path": [
						"api",
						"login"
					]
				}
			},
			"response": []
		},
		{
			"name": "Create user",
			"request": {
				"method": "POST",
				"header": [],
				"body": {
					"mode": "urlencoded",
					"urlencoded": [
						{
							"key": "nombre",
							"value": "abner",
							"type": "text"
						},
						{
							"key": "username",
							"value": "abners",
							"type": "text"
						},
						{
							"key": "password",
							"value": "123456",
							"type": "text"
						}
					]
				},
				"url": {
					"raw": "localhost:3000/api/createCliente",
					"host": [
						"localhost"
					],
					"port": "3000",
					"path": [
						"api",
						"createCliente"
					]
				}
			},
			"response": []
		},
		{
			"name": "Editar user",
			"request": {
				"method": "PUT",
				"header": [
					{
						"key": "authorization",
						"value": "eyJ0eXAiOiJKV1QiLCJhbGciOiJIUzI1NiJ9.eyJzdWIiOiI2MDRjMWVmNGExMmY3NjRmODBmNjI4OTgiLCJub21icmUiOiJBRE1JTiIsInVzZXJuYW1lIjoiQURNSU4iLCJyb2wiOiJST0xfQURNSU4iLCJpYXQiOjE2MTU2MDE3MDEsImV4cCI6MTYxNjAzMzcwMX0.oUcfHjm01Hx3EwS7gbeI3LuRfwvHZ2D4NtPu2njwHEg",
						"type": "text"
					}
				],
				"body": {
					"mode": "urlencoded",
					"urlencoded": [
						{
							"key": "nombre",
							"value": "Valmir",
							"type": "text",
							"disabled": true
						},
						{
							"key": "username",
							"value": "Vlammir",
							"type": "text",
							"disabled": true
						},
						{
							"key": "rol",
							"value": "ROL_ADMIN",
							"type": "text",
							"disabled": true
						}
					]
				},
				"url": {
					"raw": "localhost:3000/api/update",
					"host": [
						"localhost"
					],
					"port": "3000",
					"path": [
						"api",
						"update"
					]
				}
			},
			"response": []
		},
		{
			"name": "Eliminar user",
			"request": {
				"method": "DELETE",
				"header": [
					{
						"key": "authorization",
						"value": "eyJ0eXAiOiJKV1QiLCJhbGciOiJIUzI1NiJ9.eyJzdWIiOiI2MDRjMmQyMWI4NjRlYzQ3YWM4ZDEwZGMiLCJub21icmUiOiJBRE1JTiIsInVzZXJuYW1lIjoiQURNSU4iLCJyb2wiOiJST0xfQURNSU4iLCJpYXQiOjE2MTU2MDUwMzMsImV4cCI6MTYxNjAzNzAzM30.ytdnt7IrgH5rylmwGgjdc86Z7g0oPb14TioJRiuFz_Y",
						"type": "text"
					}
				],
				"body": {
					"mode": "urlencoded",
					"urlencoded": []
				},
				"url": {
					"raw": "localhost:3000/api/deleteUser/604c2d2db864ec47ac8d10d",
					"host": [
						"localhost"
					],
					"port": "3000",
					"path": [
						"api",
						"deleteUser",
						"604c2d2db864ec47ac8d10d"
					]
				}
			},
			"response": []
		},
		{
			"name": "Agregar categorias",
			"request": {
				"method": "POST",
				"header": [
					{
						"key": "authorization",
						"value": "eyJ0eXAiOiJKV1QiLCJhbGciOiJIUzI1NiJ9.eyJzdWIiOiI2MDRjMmQyMWI4NjRlYzQ3YWM4ZDEwZGMiLCJub21icmUiOiJBRE1JTiIsInVzZXJuYW1lIjoiQURNSU4iLCJyb2wiOiJST0xfQURNSU4iLCJpYXQiOjE2MTU2MDUwMzMsImV4cCI6MTYxNjAzNzAzM30.ytdnt7IrgH5rylmwGgjdc86Z7g0oPb14TioJRiuFz_Y",
						"type": "text"
					}
				],
				"body": {
					"mode": "urlencoded",
					"urlencoded": [
						{
							"key": "categoria",
							"value": "bebidas",
							"type": "text"
						}
					]
				},
				"url": {
					"raw": "localhost:3000/api/createCategoria",
					"host": [
						"localhost"
					],
					"port": "3000",
					"path": [
						"api",
						"createCategoria"
					]
				}
			},
			"response": []
		},
		{
			"name": "Eliminar categoria",
			"request": {
				"method": "DELETE",
				"header": [
					{
						"key": "authorization",
						"value": "eyJ0eXAiOiJKV1QiLCJhbGciOiJIUzI1NiJ9.eyJzdWIiOiI2MDRjMmQyMWI4NjRlYzQ3YWM4ZDEwZGMiLCJub21icmUiOiJBRE1JTiIsInVzZXJuYW1lIjoiQURNSU4iLCJyb2wiOiJST0xfQURNSU4iLCJpYXQiOjE2MTU2MDUwMzMsImV4cCI6MTYxNjAzNzAzM30.ytdnt7IrgH5rylmwGgjdc86Z7g0oPb14TioJRiuFz_Y",
						"type": "text"
					}
				],
				"body": {
					"mode": "urlencoded",
					"urlencoded": [
						{
							"key": "idCategoria",
							"value": "6045877ce197982404d6520a",
							"type": "text"
						}
					]
				},
				"url": {
					"raw": "localhost:3000/api/deleteCategoria/604c322b804eaa4698ecb604",
					"host": [
						"localhost"
					],
					"port": "3000",
					"path": [
						"api",
						"deleteCategoria",
						"604c322b804eaa4698ecb604"
					]
				}
			},
			"response": []
		},
		{
			"name": "Obtener categorias",
			"request": {
				"method": "GET",
				"header": [],
				"url": {
					"raw": "localhost:3000/api/getCate",
					"host": [
						"localhost"
					],
					"port": "3000",
					"path": [
						"api",
						"getCate"
					]
				}
			},
			"response": []
		},
		{
			"name": "Editar categoria",
			"request": {
				"method": "PUT",
				"header": [
					{
						"key": "authorization",
						"value": "eyJ0eXAiOiJKV1QiLCJhbGciOiJIUzI1NiJ9.eyJzdWIiOiI2MDRjMmQyMWI4NjRlYzQ3YWM4ZDEwZGMiLCJub21icmUiOiJBRE1JTiIsInVzZXJuYW1lIjoiQURNSU4iLCJyb2wiOiJST0xfQURNSU4iLCJpYXQiOjE2MTU2MDUwMzMsImV4cCI6MTYxNjAzNzAzM30.ytdnt7IrgH5rylmwGgjdc86Z7g0oPb14TioJRiuFz_Y",
						"type": "text"
					}
				],
				"body": {
					"mode": "urlencoded",
					"urlencoded": [
						{
							"key": "nombre",
							"value": "Consumibles",
							"type": "text"
						}
					]
				},
				"url": {
					"raw": "localhost:3000/api/updateCate/604c2d21b864ec47ac8d10dd",
					"host": [
						"localhost"
					],
					"port": "3000",
					"path": [
						"api",
						"updateCate",
						"604c2d21b864ec47ac8d10dd"
					]
				}
			},
			"response": []
		},
		{
			"name": "Agregar producto",
			"request": {
				"method": "POST",
				"header": [
					{
						"key": "authorization",
						"value": "eyJ0eXAiOiJKV1QiLCJhbGciOiJIUzI1NiJ9.eyJzdWIiOiI2MDRjMmQyMWI4NjRlYzQ3YWM4ZDEwZGMiLCJub21icmUiOiJBRE1JTiIsInVzZXJuYW1lIjoiQURNSU4iLCJyb2wiOiJST0xfQURNSU4iLCJpYXQiOjE2MTU2MDUwMzMsImV4cCI6MTYxNjAzNzAzM30.ytdnt7IrgH5rylmwGgjdc86Z7g0oPb14TioJRiuFz_Y",
						"type": "text"
					}
				],
				"body": {
					"mode": "urlencoded",
					"urlencoded": [
						{
							"key": "nombre",
							"value": "coca",
							"type": "text"
						},
						{
							"key": "importe",
							"value": "45",
							"type": "text"
						},
						{
							"key": "cantidad",
							"value": "1",
							"type": "text"
						},
						{
							"key": "idCategoria",
							"value": "604c2e1d7cb5555368c7d63e",
							"type": "text"
						}
					]
				},
				"url": {
					"raw": "localhost:3000/api/createProd",
					"host": [
						"localhost"
					],
					"port": "3000",
					"path": [
						"api",
						"createProd"
					]
				}
			},
			"response": []
		},
		{
			"name": "Eliminar producto",
			"request": {
				"method": "DELETE",
				"header": [
					{
						"key": "authorization",
						"value": "eyJ0eXAiOiJKV1QiLCJhbGciOiJIUzI1NiJ9.eyJzdWIiOiI2MDRjMmQyMWI4NjRlYzQ3YWM4ZDEwZGMiLCJub21icmUiOiJBRE1JTiIsInVzZXJuYW1lIjoiQURNSU4iLCJyb2wiOiJST0xfQURNSU4iLCJpYXQiOjE2MTU2MDUwMzMsImV4cCI6MTYxNjAzNzAzM30.ytdnt7IrgH5rylmwGgjdc86Z7g0oPb14TioJRiuFz_Y",
						"type": "text"
					}
				],
				"body": {
					"mode": "urlencoded",
					"urlencoded": []
				},
				"url": {
					"raw": "localhost:3000/api/deleteProd/604c34d669af425264570356",
					"host": [
						"localhost"
					],
					"port": "3000",
					"path": [
						"api",
						"deleteProd",
						"604c34d669af425264570356"
					]
				}
			},
			"response": []
		},
		{
			"name": "Editar producto",
			"request": {
				"method": "PUT",
				"header": [
					{
						"key": "authorization",
						"value": "eyJ0eXAiOiJKV1QiLCJhbGciOiJIUzI1NiJ9.eyJzdWIiOiI2MDRjMmQyMWI4NjRlYzQ3YWM4ZDEwZGMiLCJub21icmUiOiJBRE1JTiIsInVzZXJuYW1lIjoiQURNSU4iLCJyb2wiOiJST0xfQURNSU4iLCJpYXQiOjE2MTU2MDUwMzMsImV4cCI6MTYxNjAzNzAzM30.ytdnt7IrgH5rylmwGgjdc86Z7g0oPb14TioJRiuFz_Y",
						"type": "text"
					}
				],
				"body": {
					"mode": "urlencoded",
					"urlencoded": [
						{
							"key": "nombre",
							"value": "Ropa",
							"type": "text"
						},
						{
							"key": "importe",
							"value": "10",
							"type": "text"
						},
						{
							"key": "cantidad",
							"value": "10",
							"type": "text"
						}
					]
				},
				"url": {
					"raw": "localhost:3000/api/updateProd/604c34d669af425264570356",
					"host": [
						"localhost"
					],
					"port": "3000",
					"path": [
						"api",
						"updateProd",
						"604c34d669af425264570356"
					]
				}
			},
			"response": []
		},
		{
			"name": "Obtener Productos",
			"request": {
				"method": "GET",
				"header": [],
				"url": {
					"raw": "localhost:3000/api/getProd",
					"host": [
						"localhost"
					],
					"port": "3000",
					"path": [
						"api",
						"getProd"
					]
				}
			},
			"response": []
		},
		{
			"name": "Producto agotado",
			"protocolProfileBehavior": {
				"disableBodyPruning": true
			},
			"request": {
				"method": "GET",
				"header": [],
				"body": {
					"mode": "urlencoded",
					"urlencoded": []
				},
				"url": {
					"raw": "localhost:3000/api/getAgotados",
					"host": [
						"localhost"
					],
					"port": "3000",
					"path": [
						"api",
						"getAgotados"
					]
				}
			},
			"response": []
		},
		{
			"name": "Obtener produ  categoria",
			"protocolProfileBehavior": {
				"disableBodyPruning": true
			},
			"request": {
				"method": "GET",
				"header": [],
				"body": {
					"mode": "urlencoded",
					"urlencoded": []
				},
				"url": {
					"raw": "localhost:3000/api/getProductoCategoria/604c3473088f174bf88123ad",
					"host": [
						"localhost"
					],
					"port": "3000",
					"path": [
						"api",
						"getProductoCategoria",
						"604c3473088f174bf88123ad"
					]
				}
			},
			"response": []
		},
		{
			"name": "Obtener produ nombre",
			"protocolProfileBehavior": {
				"disableBodyPruning": true
			},
			"request": {
				"method": "GET",
				"header": [],
				"body": {
					"mode": "urlencoded",
					"urlencoded": [
						{
							"key": "nombre",
							"value": "pizza",
							"type": "text"
						}
					]
				},
				"url": {
					"raw": "localhost:3000/api/getNombre",
					"host": [
						"localhost"
					],
					"port": "3000",
					"path": [
						"api",
						"getNombre"
					]
				}
			},
			"response": []
		}
	]
}